Workbook

Sheet Ave_max_min
A1: Average of Watts / CPU+GPU TDP
A2: Average of Watts / CPU+GPU TDP | B2: Column Labels
A3: Row Labels | B3: 3D U-Net-99.0 | C3: 3D U-Net-99.9 | D3: BERT-99.0 | E3: BERT-99.9 | F3: DLRM-99.0 | G3: DLRM-99.9 | H3: DLRM-v2-99 | I3: gptj-99 | J3: ResNet | K3: RetinaNet | L3: RNN-T | M3: SSD-Large | N3: Grand Total
A4: 1 | D4: 1.1382551 | E4: 1.0304796 | F4: 1.0752347 | G4: 1.0752347 | J4: 1.0523163 | L4: 1.2210714 | N4: 1.0987653
A5: 2 | B5: 0.95478333 | C5: 0.95478333 | D5: 0.97 | E5: 0.96715833 | F5: 0.96225833 | G5: 0.96225833 | J5: 0.906725 | L5: 0.94133333 | M5: 0.90225833 | N5: 0.94584687
A6: 3 | B6: 1.0097778 | C6: 1.0097778 | D6: 0.88047343 | E6: 0.88184541 | J6: 0.92771785 | L6: 0.89852174 | N6: 0.92100901
A7: 4 | B7: 0.70643445 | C7: 0.70643445 | D7: 0.87924848 | E7: 0.8712788 | F7: 0.96970956 | G7: 0.9695041 | J7: 0.82566716 | K7: 0.69336574 | L7: 0.9070227 | M7: 0.92923231 | N7: 0.8759649
A8: 5 | D8: 0.70186992 | E8: 0.65503252 | J8: 0.8421626 | M8: 0.85028049 | N8: 0.7902981
A9: 8 | B9: 0.76735481 | C9: 0.76735481 | D9: 0.85247836 | E9: 0.85233196 | F9: 0.88140755 | G9: 0.88140755 | H9: 0.70152007 | I9: 0.48412941 | J9: 0.80796144 | K9: 0.68150857 | L9: 0.83705836 | M9: 0.88023851 | N9: 0.82196232
A10: 16 | D10: 0.84516869 | E10: 0.85594242 | J10: 0.94537778 | K10: 0.59484545 | M10: 1.0373167 | N10: 0.88407879
A11: 18 | D11: 0.81261389 | E11: 0.72321667 | J11: 0.85771528 | M11: 0.90241389 | N11: 0.830735
A12: Grand Total | B12: 0.77041811 | C12: 0.77041811 | D12: 0.87301634 | E12: 0.86194986 | F12: 0.94380237 | G12: 0.94372532 | H12: 0.70152007 | I12: 0.48412941 | J12: 0.84858202 | K12: 0.67215783 | L12: 0.89637148 | M12: 0.90812512 | N12: 0.86129454
A14: Min of Watts / CPU+GPU TDP
A15: Min of Watts / CPU+GPU TDP | B15: Column Labels
A16: Row Labels | B16: 3D U-Net-99.0 | C16: 3D U-Net-99.9 | D16: BERT-99.0 | E16: BERT-99.9 | F16: DLRM-99.0 | G16: DLRM-99.9 | H16: DLRM-v2-99 | I16: gptj-99 | J16: ResNet | K16: RetinaNet | L16: RNN-T | M16: SSD-Large | N16: Grand Total
A17: 1 | D17: 1.0146531 | E17: 0.86595918 | F17: 0.89755102 | G17: 0.89755102 | J17: 0.93971429 | L17: 1.1906531 | N17: 0.86595918
A18: 2 | B18: 0.95478333 | C18: 0.95478333 | D18: 0.95983333 | E18: 0.9623 | F18: 0.95648333 | G18: 0.95648333 | J18: 0.86991667 | L18: 0.90051667 | M18: 0.86013333 | N18: 0.86013333
A19: 3 | B19: 1.0097778 | C19: 1.0097778 | D19: 0.8801256 | E19: 0.88035749 | J19: 0.8621256 | L19: 0.89518841 | N19: 0.8621256
A20: 4 | B20: 0.61384259 | C20: 0.61384259 | D20: 0.68131507 | E20: 0.68126575 | F20: 0.68766575 | G20: 0.68766575 | J20: 0.61873973 | K20: 0.68931018 | L20: 0.64675068 | M20: 0.67465753 | N20: 0.61384259
A21: 5 | D21: 0.68993496 | E21: 0.64668293 | J21: 0.78782114 | M21: 0.75873171 | N21: 0.64668293
A22: 8 | B22: 0.35450413 | C22: 0.35450413 | D22: 0.50374546 | E22: 0.51515207 | F22: 0.73339649 | G22: 0.73339649 | H22: 0.48849422 | I22: 0.36153884 | J22: 0.37489421 | K22: 0.37266116 | L22: 0.36958512 | M22: 0.73485614 | N22: 0.35450413
A23: 16 | D23: 0.66123636 | E23: 0.70494546 | J23: 0.81744242 | K23: 0.59401818 | M23: 0.90522424 | N23: 0.59401818
A24: 18 | D24: 0.79945556 | E24: 0.71912778 | J24: 0.7801 | M24: 0.87850556 | N24: 0.71912778
A25: Grand Total | B25: 0.35450413 | C25: 0.35450413 | D25: 0.50374546 | E25: 0.51515207 | F25: 0.68766575 | G25: 0.68766575 | H25: 0.48849422 | I25: 0.36153884 | J25: 0.37489421 | K25: 0.37266116 | L25: 0.36958512 | M25: 0.67465753 | N25: 0.35450413
A27: Max of Watts / CPU+GPU TDP | B27: Column Labels
A28: Row Labels | B28: 3D U-Net-99.0 | C28: 3D U-Net-99.9 | D28: BERT-99.0 | E28: BERT-99.9 | F28: DLRM-99.0 | G28: DLRM-99.9 | H28: DLRM-v2-99 | I28: gptj-99 | J28: ResNet | K28: RetinaNet | L28: RNN-T | M28: SSD-Large | N28: Grand Total
A29: 1 | D29: 1.2361633 | E29: 1.196 | F29: 1.1971429 | G29: 1.1971429 | J29: 1.147551 | L29: 1.2510204 | N29: 1.2510204
A30: 2 | B30: 0.95478333 | C30: 0.95478333 | D30: 0.98016667 | E30: 0.97201667 | F30: 0.96803333 | G30: 0.96803333 | J30: 0.94353333 | L30: 0.98215 | M30: 0.94438333 | N30: 0.98215
A31: 3 | B31: 1.0097778 | C31: 1.0097778 | D31: 0.88082126 | E31: 0.88333333 | J31: 0.99214414 | L31: 0.90185507 | N31: 1.0097778
A32: 4 | B32: 0.95983117 | C32: 0.95983117 | D32: 1.5026667 | E32: 1.4533843 | F32: 1.4514398 | G32: 1.4514398 | J32: 1.3697586 | K32: 0.6974213 | L32: 1.487 | M32: 1.4034907 | N32: 1.5026667
A33: 5 | D33: 0.71380488 | E33: 0.66338211 | J33: 0.91372358 | M33: 0.97250406 | N33: 0.97250406
A34: 8 | B34: 0.95730959 | C34: 0.95730959 | D34: 1.0162122 | E34: 1.0177184 | F34: 0.95268493 | G34: 0.95268493 | H34: 0.91982698 | I34: 0.6080746 | J34: 1.0205833 | K34: 0.93085794 | L34: 0.97895543 | M34: 1.027131 | N34: 1.027131
A35: 16 | D35: 1.0498727 | E35: 1.1400848 | J35: 1.1178667 | K35: 0.59567273 | M35: 1.1683879 | N35: 1.1683879
A36: 18 | D36: 0.82577222 | E36: 0.72730556 | J36: 0.95755556 | M36: 0.92632222 | N36: 0.95755556
A37: Grand Total | B37: 1.0097778 | C37: 1.0097778 | D37: 1.5026667 | E37: 1.4533843 | F37: 1.4514398 | G37: 1.4514398 | H37: 0.91982698 | I37: 0.6080746 | J37: 1.3697586 | K37: 0.93085794 | L37: 1.487 | M37: 1.4034907 | N37: 1.5026667
A47: Average of Watts / CPU+GPU TDP | B47: Column Labels
A48: Row Labels | B48: 1 | C48: 2 | D48: 3 | E48: 4 | F48: 5 | G48: 8 | H48: 16 | I48: 18 | J48: Grand Total
A49: NVIDIA A10 | C49: 0.94584687 | J49: 0.94584687
A50: NVIDIA A100 | D50: 0.99038739 | E50: 0.82185133 | G50: 0.87199209 | J50: 0.85323222
A51: NVIDIA A2 | B51: 1.0987653 | J51: 1.0987653
A52: NVIDIA A30 | D52: 0.90713333 | J52: 0.90713333
A53: NVIDIA H100 | G53: 0.58286959 | J53: 0.58286959
A54: NVIDIA T4 | E54: 1.417369 | J54: 1.417369
A55: QUALCOMM Cloud | E55: 0.89355556 | F55: 0.7902981 | G55: 0.81791823 | H55: 0.88407879 | I55: 0.830735 | J55: 0.83834494
A56: Grand Total | B56: 1.0987653 | C56: 0.94584687 | D56: 0.92100901 | E56: 0.8759649 | F56: 0.7902981 | G56: 0.82196232 | H56: 0.88407879 | I56: 0.830735 | J56: 0.86129454

Sheet Sheet3
A3: Row Labels | B3: 1 | C3: 2 | D3: 3 | E3: 4 | F3: 5 | G3: 8 | H3: 16 | I3: 18
A4: 3D U-Net-99.0 | C4: 0.95478333 | D4: 1.0097778 | E4: 0.70643445 | G4: 0.76735481
A5: 3D U-Net-99.9 | C5: 0.95478333 | D5: 1.0097778 | E5: 0.70643445 | G5: 0.76735481
A6: BERT-99.0 | B6: 1.1382551 | C6: 0.97 | D6: 0.88047343 | E6: 0.87924848 | F6: 0.70186992 | G6: 0.85247836 | H6: 0.84516869 | I6: 0.81261389
A7: BERT-99.9 | B7: 1.0304796 | C7: 0.96715833 | D7: 0.88184541 | E7: 0.8712788 | F7: 0.65503252 | G7: 0.85233196 | H7: 0.85594242 | I7: 0.72321667
A8: DLRM-99.0 | B8: 1.0752347 | C8: 0.96225833 | E8: 0.96970956 | G8: 0.88140755
A9: DLRM-99.9 | B9: 1.0752347 | C9: 0.96225833 | E9: 0.9695041 | G9: 0.88140755
A10: DLRM-v2-99 | G10: 0.70152007
A11: gptj-99 | G11: 0.48412941
A12: ResNet | B12: 1.0523163 | C12: 0.906725 | D12: 0.92771785 | E12: 0.82566716 | F12: 0.8421626 | G12: 0.80796144 | H12: 0.94537778 | I12: 0.85771528
A13: RetinaNet | E13: 0.69336574 | G13: 0.68150857 | H13: 0.59484545
A14: RNN-T | B14: 1.2210714 | C14: 0.94133333 | D14: 0.89852174 | E14: 0.9070227 | G14: 0.83705836
A15: SSD-Large | C15: 0.90225833 | E15: 0.92923231 | F15: 0.85028049 | G15: 0.88023851 | H15: 1.0373167 | I15: 0.90241389
A16: Grand Total | B16: 1.0987653 | C16: 0.94584687 | D16: 0.92100901 | E16: 0.8759649 | F16: 0.7902981 | G16: 0.82196232 | H16: 0.88407879 | I16: 0.830735

Sheet Sheet2
A3: Row Labels | B3: Average of Watts / CPU+GPU TDP
A4: NVIDIA A10 | B4: 0.94584687
A5: NVIDIA A100 | B5: 0.85323222
A6: NVIDIA A2 | B6: 1.0987653
A7: NVIDIA A30 | B7: 0.90713333
A8: NVIDIA H100 | B8: 0.58286959
A9: NVIDIA T4 | B9: 1.417369
A10: QUALCOMM Cloud | B10: 0.83834494
A11: Grand Total | B11: 0.86129454

Sheet mlperf_with_tdp
A1: Source File | B1: Public ID | C1: Organization | D1: Availability | E1: System Name | F1: CPU | G1: Processors per node | H1: Total Processors | I1: GPU | J1: GPU Raw | K1: GPU Form Factor | L1: GPU Memory | M1: Accelerator Model Name | N1: Total Accelerators | O1: Division/Power | P1: # of Nodes | Q1: Accelerators per node | R1: Benchmark | S1: Benchmark Model | T1: Scenario | U1: Metric | V1: Value | W1: GPU Memory GB | X1: CPU_TDP_W | Y1: GPU_TDP_W | Z1: Total CPUs | AA1: Total GPUs | AB1: Total CPU TDP | AC1: Total GPU TDP | AD1: Total TDP | AE1: Watts / CPU+GPU TDP
A2: Table - Inference (0).csv | B2: 1.0-70 | C2: Dell EMC | D2: Available Cloud | E2: Dell EMC PowerEdge R7525 (3x A100-PCIe) | F2: AMD EPYC 7502 | G2: 2 | H2: 2 | I2: NVIDIA A100 | J2: NVIDIA A100-PCIe-40GB | K2: PCIe | L2: 40GB | M2: NVIDIA A100-PCIe-40GB | N2: 3 | O2: Closed - Power | P2: 1 | Q2: 3 | R2: Inference | S2: ResNet | T2: Offline | U2: System Watts | V2: 1101.28 | W2: 40 | X2: 180 | Y2: 250 | Z2: 2 | AA2: 3 | AB2: 360 | AC2: 750 | AD2: 1110 | AE2: 0.99214414
A3: Table - Inference (0).csv | B3: 1.0-70 | C3: Dell EMC | D3: Available Cloud | E3: Dell EMC PowerEdge R7525 (3x A100-PCIe) | F3: AMD EPYC 7502 | G3: 2 | H3: 2 | I3: NVIDIA A100 | J3: NVIDIA A100-PCIe-40GB | K3: PCIe | L3: 40GB | M3: NVIDIA A100-PCIe-40GB | N3: 3 | O3: Closed - Power | P3: 1 | Q3: 3 | R3: Inference | S3: ResNet | T3: Server | U3: System Watts | V3: 1097.38 | W3: 40 | X3: 180 | Y3: 250 | Z3: 2 | AA3: 3 | AB3: 360 | AC3: 750 | AD3: 1110 | AE3: 0.98863063
A4: Table - Inference (0).csv | B4: 1.0-71 | C4: Dell EMC | D4: Available Cloud | E4: Dell EMC PowerEdge XE2420 (4x T4) | F4: Intel(R) Xeon(R) Gold 6252 CPU @ 2.10GHz | G4: 2 | H4: 2 | I4: NVIDIA T4 | J4: NVIDIA T4 | M4: NVIDIA T4 | N4: 4 | O4: Closed - Power | P4: 1 | Q4: 4 | R4: Inference | S4: DLRM-99.0 | T4: Offline | U4: System Watts | V4: 830.13 | X4: 150 | Y4: 70 | Z4: 2 | AA4: 4 | AB4: 300 | AC4: 280 | AD4: 580 | AE4: 1.4312586
A5: Table - Inference (0).csv | B5: 1.0-71 | C5: Dell EMC | D5: Available Cloud | E5: Dell EMC PowerEdge XE2420 (4x T4) | F5: Intel(R) Xeon(R) Gold 6252 CPU @ 2.10GHz | G5: 2 | H5: 2 | I5: NVIDIA T4 | J5: NVIDIA T4 | M5: NVIDIA T4 | N5: 4 | O5: Closed - Power | P5: 1 | Q5: 4 | R5: Inference | S5: DLRM-99.0 | T5: Server | U5: System Watts | V5: 835.91 | X5: 150 | Y5: 70 | Z5: 2 | AA5: 4 | AB5: 300 | AC5: 280 | AD5: 580 | AE5: 1.4412241
A6: Table - Inference (0).csv | B6: 1.0-71 | C6: Dell EMC | D6: Available Cloud | E6: Dell EMC PowerEdge XE2420 (4x T4) | F6: Intel(R) Xeon(R) Gold 6252 CPU @ 2.10GHz | G6: 2 | H6: 2 | I6: NVIDIA T4 | J6: NVIDIA T4 | M6: NVIDIA T4 | N6: 4 | O6: Closed - Power | P6: 1 | Q6: 4 | R6: Inference | S6: DLRM-99.9 | T6: Offline | U6: System Watts | V6: 829.09 | X6: 150 | Y6: 70 | Z6: 2 | AA6: 4 | AB6: 300 | AC6: 280 | AD6: 580 | AE6: 1.4294655
A7: Table - Inference (0).csv | B7: 1.0-71 | C7: Dell EMC | D7: Available Cloud | E7: Dell EMC PowerEdge XE2420 (4x T4) | F7: Intel(R) Xeon(R) Gold 6252 CPU @ 2.10GHz | G7: 2 | H7: 2 | I7: NVIDIA T4 | J7: NVIDIA T4 | M7: NVIDIA T4 | N7: 4 | O7: Closed - Power | P7: 1 | Q7: 4 | R7: Inference | S7: DLRM-99.9 | T7: Server | U7: System Watts | V7: 835.52 | X7: 150 | Y7: 70 | Z7: 2 | AA7: 4 | AB7: 300 | AC7: 280 | AD7: 580 | AE7: 1.4405517
A8: Table - Inference (0).csv | B8: 1.0-71 | C8: Dell EMC | D8: Available Cloud | E8: Dell EMC PowerEdge XE2420 (4x T4) | F8: Intel(R) Xeon(R) Gold 6252 CPU @ 2.10GHz | G8: 2 | H8: 2 | I8: NVIDIA T4 | J8: NVIDIA T4 | M8: NVIDIA T4 | N8: 4 | O8: Closed - Power | P8: 1 | Q8: 4 | R8: Inference | S8: RNN-T | T8: Offline | U8: System Watts | V8: 856.8 | X8: 150 | Y8: 70 | Z8: 2 | AA8: 4 | AB8: 300 | AC8: 280 | AD8: 580 | AE8: 1.4772414
A9: Table - Inference (0).csv | B9: 1.0-71 | C9: Dell EMC | D9: Available Cloud | E9: Dell EMC PowerEdge XE2420 (4x T4) | F9: Intel(R) Xeon(R) Gold 6252 CPU @ 2.10GHz | G9: 2 | H9: 2 | I9: NVIDIA T4 | J9: NVIDIA T4 | M9: NVIDIA T4 | N9: 4 | O9: Closed - Power | P9: 1 | Q9: 4 | R9: Inference | S9: RNN-T | T9: Server | U9: System Watts | V9: 862.46 | X9: 150 | Y9: 70 | Z9: 2 | AA9: 4 | AB9: 300 | AC9: 280 | AD9: 580 | AE9: 1.487
A10: Table - Inference (0).csv | B10: 1.0-71 | C10: Dell EMC | D10: Available Cloud | E10: Dell EMC PowerEdge XE2420 (4x T4) | F10: Intel(R) Xeon(R) Gold 6252 CPU @ 2.10GHz | G10: 2 | H10: 2 | I10: NVIDIA T4 | J10: NVIDIA T4 | M10: NVIDIA T4 | N10: 4 | O10: Closed - Power | P10: 1 | Q10: 4 | R10: Inference | S10: ResNet | T10: Offline | U10: System Watts | V10: 794.46 | X10: 150 | Y10: 70 | Z10: 2 | AA10: 4 | AB10: 300 | AC10: 280 | AD10: 580 | AE10: 1.3697586
A11: Table - Inference (0).csv | B11: 1.0-71 | C11: Dell EMC | D11: Available Cloud | E11: Dell EMC PowerEdge XE2420 (4x T4) | F11: Intel(R) Xeon(R) Gold 6252 CPU @ 2.10GHz | G11: 2 | H11: 2 | I11: NVIDIA T4 | J11: NVIDIA T4 | M11: NVIDIA T4 | N11: 4 | O11: Closed - Power | P11: 1 | Q11: 4 | R11: Inference | S11: ResNet | T11: Server | U11: System Watts | V11: 792.69 | X11: 150 | Y11: 70 | Z11: 2 | AA11: 4 | AB11: 300 | AC11: 280 | AD11: 580 | AE11: 1.3667069
A12: Table - Inference (0).csv | B12: 1.0-71 | C12: Dell EMC | D12: Available Cloud | E12: Dell EMC PowerEdge XE2420 (4x T4) | F12: Intel(R) Xeon(R) Gold 6252 CPU @ 2.10GHz | G12: 2 | H12: 2 | I12: NVIDIA T4 | J12: NVIDIA T4 | M12: NVIDIA T4 | N12: 4 | O12: Closed - Power | P12: 1 | Q12: 4 | R12: Inference | S12: SSD-Large | T12: Offline | U12: System Watts | V12: 792.85 | X12: 150 | Y12: 70 | Z12: 2 | AA12: 4 | AB12: 300 | AC12: 280 | AD12: 580 | AE12: 1.3669828
A13: Table - Inference (0).csv | B13: 1.0-71 | C13: Dell EMC | D13: Available Cloud | E13: Dell EMC PowerEdge XE2420 (4x T4) | F13: Intel(R) Xeon(R) Gold 6252 CPU @ 2.10GHz | G13: 2 | H13: 2 | I13: NVIDIA T4 | J13: NVIDIA T4 | M13: NVIDIA T4 | N13: 4 | O13: Closed - Power | P13: 1 | Q13: 4 | R13: Inference | S13: SSD-Large | T13: Server | U13: System Watts | V13: 790.83 | X13: 150 | Y13: 70 | Z13: 2 | AA13: 4 | AB13: 300 | AC13: 280 | AD13: 580 | AE13: 1.3635
A14: Table - Inference (0).csv | B14: 1.0-72 | C14: NVIDIA | D14: Available Cloud | E14: Gigabyte G482-Z54 (8x A100-PCIe; MaxQ; TensorRT) | F14: AMD EPYC 7742 | G14: 2 | H14: 2 | I14: NVIDIA A100 | J14: NVIDIA A100-PCIe-40GB | K14: PCIe | L14: 40GB | M14: NVIDIA A100-PCIe-40GB | N14: 8 | O14: Closed - Power | P14: 1 | Q14: 8 | R14: Inference | S14: 3D U-Net-99.0 | T14: Offline | U14: System Watts | V14: 2260.88 | W14: 40 | X14: 225 | Y14: 250 | Z14: 2 | AA14: 8 | AB14: 450 | AC14: 2000 | AD14: 2450 | AE14: 0.92280816
A15: Table - Inference (0).csv | B15: 1.0-72 | C15: NVIDIA | D15: Available Cloud | E15: Gigabyte G482-Z54 (8x A100-PCIe; MaxQ; TensorRT) | F15: AMD EPYC 7742 | G15: 2 | H15: 2 | I15: NVIDIA A100 | J15: NVIDIA A100-PCIe-40GB | K15: PCIe | L15: 40GB | M15: NVIDIA A100-PCIe-40GB | N15: 8 | O15: Closed - Power | P15: 1 | Q15: 8 | R15: Inference | S15: 3D U-Net-99.9 | T15: Offline | U15: System Watts | V15: 2260.88 | W15: 40 | X15: 225 | Y15: 250 | Z15: 2 | AA15: 8 | AB15: 450 | AC15: 2000 | AD15: 2450 | AE15: 0.92280816
A16: Table - Inference (0).csv | B16: 1.0-72 | C16: NVIDIA | D16: Available Cloud | E16: Gigabyte G482-Z54 (8x A100-PCIe; MaxQ; TensorRT) | F16: AMD EPYC 7742 | G16: 2 | H16: 2 | I16: NVIDIA A100 | J16: NVIDIA A100-PCIe-40GB | K16: PCIe | L16: 40GB | M16: NVIDIA A100-PCIe-40GB | N16: 8 | O16: Closed - Power | P16: 1 | Q16: 8 | R16: Inference | S16: BERT-99.0 | T16: Offline | U16: System Watts | V16: 2289.98 | W16: 40 | X16: 225 | Y16: 250 | Z16: 2 | AA16: 8 | AB16: 450 | AC16: 2000 | AD16: 2450 | AE16: 0.93468571
A17: Table - Inference (0).csv | B17: 1.0-72 | C17: NVIDIA | D17: Available Cloud | E17: Gigabyte G482-Z54 (8x A100-PCIe; MaxQ; TensorRT) | F17: AMD EPYC 7742 | G17: 2 | H17: 2 | I17: NVIDIA A100 | J17: NVIDIA A100-PCIe-40GB | K17: PCIe | L17: 40GB | M17: NVIDIA A100-PCIe-40GB | N17: 8 | O17: Closed - Power | P17: 1 | Q17: 8 | R17: Inference | S17: BERT-99.0 | T17: Server | U17: System Watts | V17: 2308.86 | W17: 40 | X17: 225 | Y17: 250 | Z17: 2 | AA17: 8 | AB17: 450 | AC17: 2000 | AD17: 2450 | AE17: 0.94239184
A18: Table - Inference (0).csv | B18: 1.0-72 | C18: NVIDIA | D18: Available Cloud | E18: Gigabyte G482-Z54 (8x A100-PCIe; MaxQ; TensorRT) | F18: AMD EPYC 7742 | G18: 2 | H18: 2 | I18: NVIDIA A100 | J18: NVIDIA A100-PCIe-40GB | K18: PCIe | L18: 40GB | M18: NVIDIA A100-PCIe-40GB | N18: 8 | O18: Closed - Power | P18: 1 | Q18: 8 | R18: Inference | S18: BERT-99.9 | T18: Offline | U18: System Watts | V18: 2300.08 | W18: 40 | X18: 225 | Y18: 250 | Z18: 2 | AA18: 8 | AB18: 450 | AC18: 2000 | AD18: 2450 | AE18: 0.93880816
A19: Table - Inference (0).csv | B19: 1.0-72 | C19: NVIDIA | D19: Available Cloud | E19: Gigabyte G482-Z54 (8x A100-PCIe; MaxQ; TensorRT) | F19: AMD EPYC 7742 | G19: 2 | H19: 2 | I19: NVIDIA A100 | J19: NVIDIA A100-PCIe-40GB | K19: PCIe | L19: 40GB | M19: NVIDIA A100-PCIe-40GB | N19: 8 | O19: Closed - Power | P19: 1 | Q19: 8 | R19: Inference | S19: BERT-99.9 | T19: Server | U19: System Watts | V19: 2263.46 | W19: 40 | X19: 225 | Y19: 250 | Z19: 2 | AA19: 8 | AB19: 450 | AC19: 2000 | AD19: 2450 | AE19: 0.92386122
A20: Table - Inference (0).csv | B20: 1.0-72 | C20: NVIDIA | D20: Available Cloud | E20: Gigabyte G482-Z54 (8x A100-PCIe; MaxQ; TensorRT) | F20: AMD EPYC 7742 | G20: 2 | H20: 2 | I20: NVIDIA A100 | J20: NVIDIA A100-PCIe-40GB | K20: PCIe | L20: 40GB | M20: NVIDIA A100-PCIe-40GB | N20: 8 | O20: Closed - Power | P20: 1 | Q20: 8 | R20: Inference | S20: RNN-T | T20: Offline | U20: System Watts | V20: 2278.42 | W20: 40 | X20: 225 | Y20: 250 | Z20: 2 | AA20: 8 | AB20: 450 | AC20: 2000 | AD20: 2450 | AE20: 0.92996735
A21: Table - Inference (0).csv | B21: 1.0-72 | C21: NVIDIA | D21: Available Cloud | E21: Gigabyte G482-Z54 (8x A100-PCIe; MaxQ; TensorRT) | F21: AMD EPYC 7742 | G21: 2 | H21: 2 | I21: NVIDIA A100 | J21: NVIDIA A100-PCIe-40GB | K21: PCIe | L21: 40GB | M21: NVIDIA A100-PCIe-40GB | N21: 8 | O21: Closed - Power | P21: 1 | Q21: 8 | R21: Inference | S21: RNN-T | T21: Server | U21: System Watts | V21: 2324.84 | W21: 40 | X21: 225 | Y21: 250 | Z21: 2 | AA21: 8 | AB21: 450 | AC21: 2000 | AD21: 2450 | AE21: 0.94891429
A22: Table - Inference (0).csv | B22: 1.0-72 | C22: NVIDIA | D22: Available Cloud | E22: Gigabyte G482-Z54 (8x A100-PCIe; MaxQ; TensorRT) | F22: AMD EPYC 7742 | G22: 2 | H22: 2 | I22: NVIDIA A100 | J22: NVIDIA A100-PCIe-40GB | K22: PCIe | L22: 40GB | M22: NVIDIA A100-PCIe-40GB | N22: 8 | O22: Closed - Power | P22: 1 | Q22: 8 | R22: Inference | S22: ResNet | T22: Offline | U22: System Watts | V22: 2195.06 | W22: 40 | X22: 225 | Y22: 250 | Z22: 2 | AA22: 8 | AB22: 450 | AC22: 2000 | AD22: 2450 | AE22: 0.89594286
A23: Table - Inference (0).csv | B23: 1.0-72 | C23: NVIDIA | D23: Available Cloud | E23: Gigabyte G482-Z54 (8x A100-PCIe; MaxQ; TensorRT) | F23: AMD EPYC 7742 | G23: 2 | H23: 2 | I23: NVIDIA A100 | J23: NVIDIA A100-PCIe-40GB | K23: PCIe | L23: 40GB | M23: NVIDIA A100-PCIe-40GB | N23: 8 | O23: Closed - Power | P23: 1 | Q23: 8 | R23: Inference | S23: ResNet | T23: Server | U23: System Watts | V23: 2245.33 | W23: 40 | X23: 225 | Y23: 250 | Z23: 2 | AA23: 8 | AB23: 450 | AC23: 2000 | AD23: 2450 | AE23: 0.91646122
A24: Table - Inference (0).csv | B24: 1.0-72 | C24: NVIDIA | D24: Available Cloud | E24: Gigabyte G482-Z54 (8x A100-PCIe; MaxQ; TensorRT) | F24: AMD EPYC 7742 | G24: 2 | H24: 2 | I24: NVIDIA A100 | J24: NVIDIA A100-PCIe-40GB | K24: PCIe | L24: 40GB | M24: NVIDIA A100-PCIe-40GB | N24: 8 | O24: Closed - Power | P24: 1 | Q24: 8 | R24: Inference | S24: SSD-Large | T24: Offline | U24: System Watts | V24: 2244.06 | W24: 40 | X24: 225 | Y24: 250 | Z24: 2 | AA24: 8 | AB24: 450 | AC24: 2000 | AD24: 2450 | AE24: 0.91594286
A25: Table - Inference (0).csv | B25: 1.0-72 | C25: NVIDIA | D25: Available Cloud | E25: Gigabyte G482-Z54 (8x A100-PCIe; MaxQ; TensorRT) | F25: AMD EPYC 7742 | G25: 2 | H25: 2 | I25: NVIDIA A100 | J25: NVIDIA A100-PCIe-40GB | K25: PCIe | L25: 40GB | M25: NVIDIA A100-PCIe-40GB | N25: 8 | O25: Closed - Power | P25: 1 | Q25: 8 | R25: Inference | S25: SSD-Large | T25: Server | U25: System Watts | V25: 2259.64 | W25: 40 | X25: 225 | Y25: 250 | Z25: 2 | AA25: 8 | AB25: 450 | AC25: 2000 | AD25: 2450 | AE25: 0.92230204
... A57: Table - Inference (0).csv | B57: 1.0-74 | C57: NVIDIA | D57: Available Cloud | E57: NVIDIA DGX Station A100 (4x A100-SXM-80GB; MaxQ; TensorRT) | F57: AMD EPYC 7742 | G57: 1 | H57: 1 | I57: NVIDIA A100 | J57: NVIDIA A100-SXM-80GB | K57: SXM | L57: 80GB | M57: NVIDIA A100-SXM-80GB | N57: 4 | O57: Closed - Power | P57: 1 | Q57: 4 | R57: Inference | S57: SSD-Large | T57: Server | U57: System Watts | V57: 1266.86 | W57: 80 | X57: 225 | Y57: 400 | Z57: 1 | AA57: 4 | AB57: 225 | AC57: 1600 | AD57: 1825 | AE57: 0.69416986
A58: Table - Inference (0).csv | B58: 1.0-75 | C58: Qualcomm | D58: Available Cloud | E58: Gigabyte R282-Z93 5x QAIC100 | F58: AMD EPYC 7282 16-Core Processor | G58: 2 | H58: 2 | I58: QUALCOMM Cloud | J58: QUALCOMM Cloud AI 100 PCIe HHHL | K58: PCIe | M58: QUALCOMM Cloud AI 100 PCIe HHHL | N58: 5 | O58: Closed - Power | P58: 1 | Q58: 5 | R58: Inference | S58: ResNet | T58: Offline | U58: System Watts | V58: 561.94 | X58: 120 | Y58: 75 | Z58: 2 | AA58: 5 | AB58: 240 | AC58: 375 | AD58: 615 | AE58: 0.91372358
A59: Table - Inference (0).csv | B59: 1.0-75 | C59: Qualcomm | D59: Available Cloud | E59: Gigabyte R282-Z93 5x QAIC100 | F59: AMD EPYC 7282 16-Core Processor | G59: 2 | H59: 2 | I59: QUALCOMM Cloud | J59: QUALCOMM Cloud AI 100 PCIe HHHL | K59: PCIe | M59: QUALCOMM Cloud AI 100 PCIe HHHL | N59: 5 | O59: Closed - Power | P59: 1 | Q59: 5 | R59: Inference | S59: ResNet | T59: Server | U59: System Watts | V59: 533.81 | X59: 120 | Y59: 75 | Z59: 2 | AA59: 5 | AB59: 240 | AC59: 375 | AD59: 615 | AE59: 0.86798374
A60: Table - Inference (0).csv | B60: 1.0-75 | C60: Qualcomm | D60: Available Cloud | E60: Gigabyte R282-Z93 5x QAIC100 | F60: AMD EPYC 7282 16-Core Processor | G60: 2 | H60: 2 | I60: QUALCOMM Cloud | J60: QUALCOMM Cloud AI 100 PCIe HHHL | K60: PCIe | M60: QUALCOMM Cloud AI 100 PCIe HHHL | N60: 5 | O60: Closed - Power | P60: 1 | Q60: 5 | R60: Inference | S60: SSD-Large | T60: Offline | U60: System Watts | V60: 598.09 | X60: 120 | Y60: 75 | Z60: 2 | AA60: 5 | AB60: 240 | AC60: 375 | AD60: 615 | AE60: 0.97250406
A61: Table - Inference (0).csv | B61: 1.0-75 | C61: Qualcomm | D61: Available Cloud | E61: Gigabyte R282-Z93 5x QAIC100 | F61: AMD EPYC 7282 16-Core Processor | G61: 2 | H61: 2 | I61: QUALCOMM Cloud | J61: QUALCOMM Cloud AI 100 PCIe HHHL | K61: PCIe | M61: QUALCOMM Cloud AI 100 PCIe HHHL | N61: 5 | O61: Closed - Power | P61: 1 | Q61: 5 | R61: Inference | S61: SSD-Large | T61: Server | U61: System Watts | V61: 547.83 | X61: 120 | Y61: 75 | Z61: 2 | AA61: 5 | AB61: 240 | AC61: 375 | AD61: 615 | AE61: 0.89078049
A62: Table - Inference (1).csv | B62: 1.1-006 | C62: Dell | D62: Available Cloud | E62: Dell EMC PowerEdge R750xa (4x A100-PCIE-40GB; MaxQ; TensorRT) | F62: Intel(R) Xeon(R) Platinum 8368 CPU @ 2.40GHz | G62: 2 | H62: 2 | I62: NVIDIA A100 | J62: NVIDIA A100-PCIE-40GB | K62: PCIe | L62: 40GB | M62: NVIDIA A100-PCIE-40GB | N62: 4 | O62: Closed - Power | P62: 1 | Q62: 4 | R62: Inference | S62: 3D U-Net-99.0 | T62: Offline | U62: System Watts | V62: 1478.14 | W62: 40 | X62: 270 | Y62: 250 | Z62: 2 | AA62: 4 | AB62: 540 | AC62: 1000 | AD62: 1540 | AE62: 0.95983117
A63: Table - Inference (1).csv | B63: 1.1-006 | C63: Dell | D63: Available Cloud | E63: Dell EMC PowerEdge R750xa (4x A100-PCIE-40GB; MaxQ; TensorRT) | F63: Intel(R) Xeon(R) Platinum 8368 CPU @ 2.40GHz | G63: 2 | H63: 2 | I63: NVIDIA A100 | J63: NVIDIA A100-PCIE-40GB | K63: PCIe | L63: 40GB | M63: NVIDIA A100-PCIE-40GB | N63: 4 | O63: Closed - Power | P63: 1 | Q63: 4 | R63: Inference | S63: 3D U-Net-99.9 | T63: Offline | U63: System Watts | V63: 1478.14 | W63: 40 | X63: 270 | Y63: 250 | Z63: 2 | AA63: 4 | AB63: 540 | AC63: 1000 | AD63: 1540 | AE63: 0.95983117
A64: Table - Inference (1).csv | B64: 1.1-006 | C64: Dell | D64: Available Cloud | E64: Dell EMC PowerEdge R750xa (4x A100-PCIE-40GB; MaxQ; TensorRT) | F64: Intel(R) Xeon(R) Platinum 8368 CPU @ 2.40GHz | G64: 2 | H64: 2 | I64: NVIDIA A100 | J64: NVIDIA A100-PCIE-40GB | K64: PCIe | L64: 40GB | M64: NVIDIA A100-PCIE-40GB | N64: 4 | O64: Closed - Power | P64: 1 | Q64: 4 | R64: Inference | S64: BERT-99.0 | T64: Offline | U64: System Watts | V64: 1474.35 | W64: 40 | X64: 270 | Y64: 250 | Z64: 2 | AA64: 4 | AB64: 540 | AC64: 1000 | AD64: 1540 | AE64: 0.95737013
A65: Table - Inference (1).csv | B65: 1.1-006 | C65: Dell | D65: Available Cloud | E65: Dell EMC PowerEdge R750xa (4x A100-PCIE-40GB; MaxQ; TensorRT) | F65: Intel(R) Xeon(R) Platinum 8368 CPU @ 2.40GHz | G65: 2 | H65: 2 | I65: NVIDIA A100 | J65: NVIDIA A100-PCIE-40GB | K65: PCIe | L65: 40GB | M65: NVIDIA A100-PCIE-40GB | N65: 4 | O65: Closed - Power | P65: 1 | Q65: 4 | R65: Inference | S65: BERT-99.0 | T65: Server | U65: System Watts | V65: 1480.35 | W65: 40 | X65: 270 | Y65: 250 | Z65: 2 | AA65: 4 | AB65: 540 | AC65: 1000 | AD65: 1540 | AE65: 0.96126623
A66: Table - Inference (1).csv | B66: 1.1-006 | C66: Dell | D66: Available Cloud | E66: Dell EMC PowerEdge R750xa (4x A100-PCIE-40GB; MaxQ; TensorRT) | F66: Intel(R) Xeon(R) Platinum 8368 CPU @ 2.40GHz | G66: 2 | H66: 2 | I66: NVIDIA A100 | J66: NVIDIA A100-PCIE-40GB | K66: PCIe | L66: 40GB | M66: NVIDIA A100-PCIE-40GB | N66: 4 | O66: Closed - Power | P66: 1 | Q66: 4 | R66: Inference | S66: BERT-99.9 | T66: Offline | U66: System Watts | V66: 1475.89 | W66: 40 | X66: 270 | Y66: 250 | Z66: 2 | AA66: 4 | AB66: 540 | AC66: 1000 | AD66: 1540 | AE66: 0.95837013
A67: Table - Inference (1).csv | B67: 1.1-006 | C67: Dell | D67: Available Cloud | E67: Dell EMC PowerEdge R750xa (4x A100-PCIE-40GB; MaxQ; TensorRT) | F67: Intel(R) Xeon(R) Platinum 8368 CPU @ 2.40GHz | G67: 2 | H67: 2 | I67: NVIDIA A100 | J67: NVIDIA A100-PCIE-40GB | K67: PCIe | L67: 40GB | M67: NVIDIA A100-PCIE-40GB | N67: 4 | O67: Closed - Power | P67: 1 | Q67: 4 | R67: Inference | S67: BERT-99.9 | T67: Server | U67: System Watts | V67: 1468.54 | W67: 40 | X67: 270 | Y67: 250 | Z67: 2 | AA67: 4 | AB67: 540 | AC67: 1000 | AD67: 1540 | AE67: 0.9535974
A68: Table - Inference (1).csv | B68: 1.1-006 | C68: Dell | D68: Available Cloud | E68: Dell EMC PowerEdge R750xa (4x A100-PCIE-40GB; MaxQ; TensorRT) | F68: Intel(R) Xeon(R) Platinum 8368 CPU @ 2.40GHz | G68: 2 | H68: 2 | I68: NVIDIA A100 | J68: NVIDIA A100-PCIE-40GB | K68: PCIe | L68: 40GB | M68: NVIDIA A100-PCIE-40GB | N68: 4 | O68: Closed - Power | P68: 1 | Q68: 4 | R68: Inference | S68: ResNet | T68: Offline | U68: System Watts | V68: 1431.04 | W68: 40 | X68: 270 | Y68: 250 | Z68: 2 | AA68: 4 | AB68: 540 | AC68: 1000 | AD68: 1540 | AE68: 0.92924675
A69: Table - Inference (1).csv | B69: 1.1-006 | C69: Dell | D69: Available Cloud | E69: Dell EMC PowerEdge R750xa (4x A100-PCIE-40GB; MaxQ; TensorRT) | F69: Intel(R) Xeon(R) Platinum 8368 CPU @ 2.40GHz | G69: 2 | H69: 2 | I69: NVIDIA A100 | J69: NVIDIA A100-PCIE-40GB | K69: PCIe | L69: 40GB | M69: NVIDIA A100-PCIE-40GB | N69: 4 | O69: Closed - Power | P69: 1 | Q69: 4 | R69: Inference | S69: ResNet | T69: Server | U69: System Watts | V69: 1446.16 | W69: 40 | X69: 270 | Y69: 250 | Z69: 2 | AA69: 4 | AB69: 540 | AC69: 1000 | AD69: 1540 | AE69: 0.93906493
A70: Table - Inference (1).csv | B70: 1.1-006 | C70: Dell | D70: Available Cloud | E70: Dell EMC PowerEdge R750xa (4x A100-PCIE-40GB; MaxQ; TensorRT) | F70: Intel(R) Xeon(R) Platinum 8368 CPU @ 2.40GHz | G70: 2 | H70: 2 | I70: NVIDIA A100 | J70: NVIDIA A100-PCIE-40GB | K70: PCIe | L70: 40GB | M70: NVIDIA A100-PCIE-40GB | N70: 4 | O70: Closed - Power | P70: 1 | Q70: 4 | R70: Inference | S70: SSD-Large | T70: Offline | U70: System Watts | V70: 1448.13 | W70: 40 | X70: 270 | Y70: 250 | Z70: 2 | AA70: 4 | AB70: 540 | AC70: 1000 | AD70: 1540 | AE70: 0.94034416
A71: Table - Inference (1).csv | B71: 1.1-006 | C71: Dell | D71: Available Cloud | E71: Dell EMC PowerEdge R750xa (4x A100-PCIE-40GB; MaxQ; TensorRT) | F71: Intel(R) Xeon(R) Platinum 8368 CPU @ 2.40GHz | G71: 2 | H71: 2 | I71: NVIDIA A100 | J71: NVIDIA A100-PCIE-40GB | K71: PCIe | L71: 40GB | M71: NVIDIA A100-PCIE-40GB | N71: 4 | O71: Closed - Power | P71: 1 | Q71: 4 | R71: Inference | S71: SSD-Large | T71: Server | U71: System Watts | V71: 1436.47 | W71: 40 | X71: 270 | Y71: 250 | Z71: 2 | AA71: 4 | AB71: 540 | AC71: 1000 | AD71: 1540 | AE71: 0.93277273
A72: Table - Inference (1).csv | B72: 1.1-014 | C72: Dell | D72: Available Cloud | E72: Dell EMC PowerEdge XE2420 (2x A10; MaxQ; TensorRT) | F72: Intel(R) Xeon(R) Gold 6252 CPU @ 2.10GHz | G72: 2 | H72: 2 | I72: NVIDIA A10 | J72: NVIDIA A10 | M72: NVIDIA A10 | N72: 2 | O72: Closed - Power | P72: 1 | Q72: 2 | R72: Inference | S72: 3D U-Net-99.0 | T72: Offline | U72: System Watts | V72: 572.87 | X72: 150 | Y72: 150 | Z72: 2 | AA72: 2 | AB72: 300 | AC72: 300 | AD72: 600 | AE72: 0.95478333
A73: Table - Inference (1).csv | B73: 1.1-014 | C73: Dell | D73: Available Cloud | E73: Dell EMC PowerEdge XE2420 (2x A10; MaxQ; TensorRT) | F73: Intel(R) Xeon(R) Gold 6252 CPU @ 2.10GHz | G73: 2 | H73: 2 | I73: NVIDIA A10 | J73: NVIDIA A10 | M73: NVIDIA A10 | N73: 2 | O73: Closed - Power | P73: 1 | Q73: 2 | R73: Inference | S73: 3D U-Net-99.9 | T73: Offline | U73: System Watts | V73: 572.87 | X73: 150 | Y73: 150 | Z73: 2 | AA73: 2 | AB73: 300 | AC73: 300 | AD73: 600 | AE73: 0.95478333
A74: Table - Inference (1).csv | B74: 1.1-014 | C74: Dell | D74: Available Cloud | E74: Dell EMC PowerEdge XE2420 (2x A10; MaxQ; TensorRT) | F74: Intel(R) Xeon(R) Gold 6252 CPU @ 2.10GHz | G74: 2 | H74: 2 | I74: NVIDIA A10 | J74: NVIDIA A10 | M74: NVIDIA A10 | N74: 2 | O74: Closed - Power | P74: 1 | Q74: 2 | R74: Inference | S74: BERT-99.0 | T74: Offline | U74: System Watts | V74: 588.1 | X74: 150 | Y74: 150 | Z74: 2 | AA74: 2 | AB74: 300 | AC74: 300 | AD74: 600 | AE74: 0.98016667
A75: Table - Inference (1).csv | B75: 1.1-014 | C75: Dell | D75: Available Cloud | E75: Dell EMC PowerEdge XE2420 (2x A10; MaxQ; TensorRT) | F75: Intel(R) Xeon(R) Gold 6252 CPU @ 2.10GHz | G75: 2 | H75: 2 | I75: NVIDIA A10 | J75: NVIDIA A10 | M75: NVIDIA A10 | N75: 2 | O75: Closed - Power | P75: 1 | Q75: 2 | R75: Inference | S75: BERT-99.0 | T75: Server | U75: System Watts | V75: 575.9 | X75: 150 | Y75: 150 | Z75: 2 | AA75: 2 | AB75: 300 | AC75: 300 | AD75: 600 | AE75: 0.95983333
A76: Table - Inference (1).csv | B76: 1.1-014 | C76: Dell | D76: Available Cloud | E76: Dell EMC PowerEdge XE2420 (2x A10; MaxQ; TensorRT) | F76: Intel(R) Xeon(R) Gold 6252 CPU @ 2.10GHz | G76: 2 | H76: 2 | I76: NVIDIA A10 | J76: NVIDIA A10 | M76: NVIDIA A10 | N76: 2 | O76: Closed - Power | P76: 1 | Q76: 2 | R76: Inference | S76: BERT-99.9 | T76: Offline | U76: System Watts | V76: 577.38 | X76: 150 | Y76: 150 | Z76: 2 | AA76: 2 | AB76: 300 | AC76: 300 | AD76: 600 | AE76: 0.9623
A77: Table - Inference (1).csv | B77: 1.1-014 | C77: Dell | D77: Available Cloud | E77: Dell EMC PowerEdge XE2420 (2x A10; MaxQ; TensorRT) | F77: Intel(R) Xeon(R) Gold 6252 CPU @ 2.10GHz | G77: 2 | H77: 2 | I77: NVIDIA A10 | J77: NVIDIA A10 | M77: NVIDIA A10 | N77: 2 | O77: Closed - Power | P77: 1 | Q77: 2 | R77: Inference | S77: BERT-99.9 | T77: Server | U77: System Watts | V77: 583.21 | X77: 150 | Y77: 150 | Z77: 2 | AA77: 2 | AB77: 300 | AC77: 300 | AD77: 600 | AE77: 0.97201667
A78: Table - Inference (1).csv | B78: 1.1-014 | C78: Dell | D78: Available Cloud | E78: Dell EMC PowerEdge XE2420 (2x A10; MaxQ; TensorRT) | F78: Intel(R) Xeon(R) Gold 6252 CPU @ 2.10GHz | G78: 2 | H78: 2 | I78: NVIDIA A10 | J78: NVIDIA A10 | M78: NVIDIA A10 | N78: 2 | O78: Closed - Power | P78: 1 | Q78: 2 | R78: Inference | S78: DLRM-99.0 | T78: Offline | U78: System Watts | V78: 580.82 | X78: 150 | Y78: 150 | Z78: 2 | AA78: 2 | AB78: 300 | AC78: 300 | AD78: 600 | AE78: 0.96803333
A79: Table - Inference (1).csv | B79: 1.1-014 | C79: Dell | D79: Available Cloud | E79: Dell EMC PowerEdge XE2420 (2x A10; MaxQ; TensorRT) | F79: Intel(R) Xeon(R) Gold 6252 CPU @ 2.10GHz | G79: 2 | H79: 2 | I79: NVIDIA A10 | J79: NVIDIA A10 | M79: NVIDIA A10 | N79: 2 | O79: Closed - Power | P79: 1 | Q79: 2 | R79: Inference | S79: DLRM-99.0 | T79: Server | U79: System Watts | V79: 573.89 | X79: 150 | Y79: 150 | Z79: 2 | AA79: 2 | AB79: 300 | AC79: 300 | AD79: 600 | AE79: 0.95648333
A80: Table - Inference (1).csv | B80: 1.1-014 | C80: Dell | D80: Available Cloud | E80: Dell EMC PowerEdge XE2420 (2x A10; MaxQ; TensorRT) | F80: Intel(R) Xeon(R) Gold 6252 CPU @ 2.10GHz | G80: 2 | H80: 2 | I80: NVIDIA A10 | J80: NVIDIA A10 | M80: NVIDIA A10 | N80: 2 | O80: Closed - Power | P80: 1 | Q80: 2 | R80: Inference | S80: DLRM-99.9 | T80: Offline | U80: System Watts | V80: 580.82 | X80: 150 | Y80: 150 | Z80: 2 | AA80: 2 | AB80: 300 | AC80: 300 | AD80: 600 | AE80: 0.96803333
A81: Table - Inference (1).csv | B81: 1.1-014 | C81: Dell | D81: Available Cloud | E81: Dell EMC PowerEdge XE2420 (2x A10; MaxQ; TensorRT) | F81: Intel(R) Xeon(R) Gold 6252 CPU @ 2.10GHz | G81: 2 | H81: 2 | I81: NVIDIA A10 | J81: NVIDIA A10 | M81: NVIDIA A10 | N81: 2 | O81: Closed - Power | P81: 1 | Q81: 2 | R81: Inference | S81: DLRM-99.9 | T81: Server | U81: System Watts | V81: 573.89 | X81: 150 | Y81: 150 | Z81: 2 | AA81: 2 | AB81: 300 | AC81: 300 | AD81: 600 | AE81: 0.95648333
A82: Table - Inference (1).csv | B82: 1.1-014 | C82: Dell | D82: Available Cloud | E82: Dell EMC PowerEdge XE2420 (2x A10; MaxQ; TensorRT) | F82: Intel(R) Xeon(R) Gold 6252 CPU @ 2.10GHz | G82: 2 | H82: 2 | I82: NVIDIA A10 | J82: NVIDIA A10 | M82: NVIDIA A10 | N82: 2 | O82: Closed - Power | P82: 1 | Q82: 2 | R82: Inference | S82: RNN-T | T82: Offline | U82: System Watts | V82: 589.29 | X82: 150 | Y82: 150 | Z82: 2 | AA82: 2 | AB82: 300 | AC82: 300 | AD82: 600 | AE82: 0.98215
A83: Table - Inference (1).csv | B83: 1.1-014 | C83: Dell | D83: Available Cloud | E83: Dell EMC PowerEdge XE2420 (2x A10; MaxQ; TensorRT) | F83: Intel(R) Xeon(R) Gold 6252 CPU @ 2.10GHz | G83: 2 | H83: 2 | I83: NVIDIA A10 | J83: NVIDIA A10 | M83: NVIDIA A10 | N83: 2 | O83: Closed - Power | P83: 1 | Q83: 2 | R83: Inference | S83: RNN-T | T83: Server | U83: System Watts | V83: 540.31 | X83: 150 | Y83: 150 | Z83: 2 | AA83: 2 | AB83: 300 | AC83: 300 | AD83: 600 | AE83: 0.90051667
... A87: Table - Inference (1).csv | B87: 1.1-014 | C87: Dell | D87: Available Cloud | E87: Dell EMC PowerEdge XE2420 (2x A10; MaxQ; TensorRT) | F87: Intel(R) Xeon(R) Gold 6252 CPU @ 2.10GHz | G87: 2 | H87: 2 | I87: NVIDIA A10 | J87: NVIDIA A10 | M87: NVIDIA A10 | N87: 2 | O87: Closed - Power | P87: 1 | Q87: 2 | R87: Inference | S87: SSD-Large | T87: Server | U87: System Watts | V87: 516.08 | X87: 150 | Y87: 150 | Z87: 2 | AA87: 2 | AB87: 300 | AC87: 300 | AD87: 600 | AE87: 0.86013333
A88: Table - Inference (1).csv | B88: 1.1-016 | C88: Dell | D88: Available Cloud | E88: Dell EMC PowerEdge XE8545 (4x A100-SXM-80GB; TensorRT) | F88: AMD EPYC 7763 | G88: 2 | H88: 2 | I88: NVIDIA A100 | J88: NVIDIA A100-SXM-80GB | K88: SXM | L88: 80GB | M88: NVIDIA A100-SXM-80GB | N88: 4 | O88: Closed - Power | P88: 1 | Q88: 4 | R88: Inference | S88: BERT-99.0 | T88: Offline | U88: System Watts | V88: 3133.51 | W88: 80 | X88: 280 | Y88: 400 | Z88: 2 | AA88: 4 | AB88: 560 | AC88: 1600 | AD88: 2160 | AE88: 1.4506991
A89: Table - Inference (1).csv | B89: 1.1-016 | C89: Dell | D89: Available Cloud | E89: Dell EMC PowerEdge XE8545 (4x A100-SXM-80GB; TensorRT) | F89: AMD EPYC 7763 | G89: 2 | H89: 2 | I89: NVIDIA A100 | J89: NVIDIA A100-SXM-80GB | K89: SXM | L89: 80GB | M89: NVIDIA A100-SXM-80GB | N89: 4 | O89: Closed - Power | P89: 1 | Q89: 4 | R89: Inference | S89: BERT-99.0 | T89: Server | U89: System Watts | V89: 3245.76 | W89: 80 | X89: 280 | Y89: 400 | Z89: 2 | AA89: 4 | AB89: 560 | AC89: 1600 | AD89: 2160 | AE89: 1.5026667
A90: Table - Inference (1).csv | B90: 1.1-016 | C90: Dell | D90: Available Cloud | E90: Dell EMC PowerEdge XE8545 (4x A100-SXM-80GB; TensorRT) | F90: AMD EPYC 7763 | G90: 2 | H90: 2 | I90: NVIDIA A100 | J90: NVIDIA A100-SXM-80GB | K90: SXM | L90: 80GB | M90: NVIDIA A100-SXM-80GB | N90: 4 | O90: Closed - Power | P90: 1 | Q90: 4 | R90: Inference | S90: BERT-99.9 | T90: Offline | U90: System Watts | V90: 3115.74 | W90: 80 | X90: 280 | Y90: 400 | Z90: 2 | AA90: 4 | AB90: 560 | AC90: 1600 | AD90: 2160 | AE90: 1.4424722
A91: Table - Inference (1).csv | B91: 1.1-016 | C91: Dell | D91: Available Cloud | E91: Dell EMC PowerEdge XE8545 (4x A100-SXM-80GB; TensorRT) | F91: AMD EPYC 7763 | G91: 2 | H91: 2 | I91: NVIDIA A100 | J91: NVIDIA A100-SXM-80GB | K91: SXM | L91: 80GB | M91: NVIDIA A100-SXM-80GB | N91: 4 | O91: Closed - Power | P91: 1 | Q91: 4 | R91: Inference | S91: BERT-99.9 | T91: Server | U91: System Watts | V91: 3139.31 | W91: 80 | X91: 280 | Y91: 400 | Z91: 2 | AA91: 4 | AB91: 560 | AC91: 1600 | AD91: 2160 | AE91: 1.4533843
A92: Table - Inference (1).csv | B92: 1.1-016 | C92: Dell | D92: Available Cloud | E92: Dell EMC PowerEdge XE8545 (4x A100-SXM-80GB; TensorRT) | F92: AMD EPYC 7763 | G92: 2 | H92: 2 | I92: NVIDIA A100 | J92: NVIDIA A100-SXM-80GB | K92: SXM | L92: 80GB | M92: NVIDIA A100-SXM-80GB | N92: 4 | O92: Closed - Power | P92: 1 | Q92: 4 | R92: Inference | S92: DLRM-99.0 | T92: Offline | U92: System Watts | V92: 3135.11 | W92: 80 | X92: 280 | Y92: 400 | Z92: 2 | AA92: 4 | AB92: 560 | AC92: 1600 | AD92: 2160 | AE92: 1.4514398
A93: Table - Inference (1).csv | B93: 1.1-016 | C93: Dell | D93: Available Cloud | E93: Dell EMC PowerEdge XE8545 (4x A100-SXM-80GB; TensorRT) | F93: AMD EPYC 7763 | G93: 2 | H93: 2 | I93: NVIDIA A100 | J93: NVIDIA A100-SXM-80GB | K93: SXM | L93: 80GB | M93: NVIDIA A100-SXM-80GB | N93: 4 | O93: Closed - Power | P93: 1 | Q93: 4 | R93: Inference | S93: DLRM-99.0 | T93: Server | U93: System Watts | V93: 2796.35 | W93: 80 | X93: 280 | Y93: 400 | Z93: 2 | AA93: 4 | AB93: 560 | AC93: 1600 | AD93: 2160 | AE93: 1.2946065
A94: Table - Inference (1).csv | B94: 1.1-016 | C94: Dell | D94: Available Cloud | E94: Dell EMC PowerEdge XE8545 (4x A100-SXM-80GB; TensorRT) | F94: AMD EPYC 7763 | G94: 2 | H94: 2 | I94: NVIDIA A100 | J94: NVIDIA A100-SXM-80GB | K94: SXM | L94: 80GB | M94: NVIDIA A100-SXM-80GB | N94: 4 | O94: Closed - Power | P94: 1 | Q94: 4 | R94: Inference | S94: DLRM-99.9 | T94: Offline | U94: System Watts | V94: 3135.11 | W94: 80 | X94: 280 | Y94: 400 | Z94: 2 | AA94: 4 | AB94: 560 | AC94: 1600 | AD94: 2160 | AE94: 1.4514398
A95: Table - Inference (1).csv | B95: 1.1-016 | C95: Dell | D95: Available Cloud | E95: Dell EMC PowerEdge XE8545 (4x A100-SXM-80GB; TensorRT) | F95: AMD EPYC 7763 | G95: 2 | H95: 2 | I95: NVIDIA A100 | J95: NVIDIA A100-SXM-80GB | K95: SXM | L95: 80GB | M95: NVIDIA A100-SXM-80GB | N95: 4 | O95: Closed - Power | P95: 1 | Q95: 4 | R95: Inference | S95: DLRM-99.9 | T95: Server | U95: System Watts | V95: 2796.35 | W95: 80 | X95: 280 | Y95: 400 | Z95: 2 | AA95: 4 | AB95: 560 | AC95: 1600 | AD95: 2160 | AE95: 1.2946065
A96: Table - Inference (1).csv | B96: 1.1-016 | C96: Dell | D96: Available Cloud | E96: Dell EMC PowerEdge XE8545 (4x A100-SXM-80GB; TensorRT) | F96: AMD EPYC 7763 | G96: 2 | H96: 2 | I96: NVIDIA A100 | J96: NVIDIA A100-SXM-80GB | K96: SXM | L96: 80GB | M96: NVIDIA A100-SXM-80GB | N96: 4 | O96: Closed - Power | P96: 1 | Q96: 4 | R96: Inference | S96: RNN-T | T96: Offline | U96: System Watts | V96: 2650.05 | W96: 80 | X96: 280 | Y96: 400 | Z96: 2 | AA96: 4 | AB96: 560 | AC96: 1600 | AD96: 2160 | AE96: 1.226875
A97: Table - Inference (1).csv | B97: 1.1-016 | C97: Dell | D97: Available Cloud | E97: Dell EMC PowerEdge XE8545 (4x A100-SXM-80GB; TensorRT) | F97: AMD EPYC 7763 | G97: 2 | H97: 2 | I97: NVIDIA A100 | J97: NVIDIA A100-SXM-80GB | K97: SXM | L97: 80GB | M97: NVIDIA A100-SXM-80GB | N97: 4 | O97: Closed - Power | P97: 1 | Q97: 4 | R97: Inference | S97: RNN-T | T97: Server | U97: System Watts | V97: 2629.92 | W97: 80 | X97: 280 | Y97: 400 | Z97: 2 | AA97: 4 | AB97: 560 | AC97: 1600 | AD97: 2160 | AE97: 1.2175556
A98: Table - Inference (1).csv | B98: 1.1-016 | C98: Dell | D98: Available Cloud | E98: Dell EMC PowerEdge XE8545 (4x A100-SXM-80GB; TensorRT) | F98: AMD EPYC 7763 | G98: 2 | H98: 2 | I98: NVIDIA A100 | J98: NVIDIA A100-SXM-80GB | K98: SXM | L98: 80GB | M98: NVIDIA A100-SXM-80GB | N98: 4 | O98: Closed - Power | P98: 1 | Q98: 4 | R98: Inference | S98: ResNet | T98: Offline | U98: System Watts | V98: 2412.51 | W98: 80 | X98: 280 | Y98: 400 | Z98: 2 | AA98: 4 | AB98: 560 | AC98: 1600 | AD98: 2160 | AE98: 1.1169028
A99: Table - Inference (1).csv | B99: 1.1-016 | C99: Dell | D99: Available Cloud | E99: Dell EMC PowerEdge XE8545 (4x A100-SXM-80GB; TensorRT) | F99: AMD EPYC 7763 | G99: 2 | H99: 2 | I99: NVIDIA A100 | J99: NVIDIA A100-SXM-80GB | K99: SXM | L99: 80GB | M99: NVIDIA A100-SXM-80GB | N99: 4 | O99: Closed - Power | P99: 1 | Q99: 4 | R99: Inference | S99: ResNet | T99: Server | U99: System Watts | V99: 2092.98 | W99: 80 | X99: 280 | Y99: 400 | Z99: 2 | AA99: 4 | AB99: 560 | AC99: 1600 | AD99: 2160 | AE99: 0.96897222
... A145: Table - Inference (1).csv | B145: 1.1-051 | C145: NVIDIA | D145: Available Cloud | E145: NVIDIA DGX Station A100 (4x A100-SXM-80GB; MaxQ; TensorRT) | F145: AMD EPYC 7742 | G145: 1 | H145: 1 | I145: NVIDIA A100 | J145: NVIDIA A100-SXM-80GB | K145: SXM | L145: 80GB | M145: NVIDIA A100-SXM-80GB | N145: 4 | O145: Closed - Power | P145: 1 | Q145: 4 | R145: Inference | S145: SSD-Large | T145: Server | U145: System Watts | V145: 1237.27 | W145: 80 | X145: 225 | Y145: 400 | Z145: 1 | AA145: 4 | AB145: 225 | AC145: 1600 | AD145: 1825 | AE145: 0.67795616
A146: Table - Inference (1).csv | B146: 1.1-056 | C146: Qualcomm | D146: Available Cloud | E146: Gigabyte G292-Z43 16x QAIC100 | F146: AMD EPYC 7713 64-Core Processor | G146: 2 | H146: 2 | I146: QUALCOMM Cloud | J146: QUALCOMM Cloud AI 100 PCIe HHHL | K146: PCIe | M146: QUALCOMM Cloud AI 100 PCIe HHHL | N146: 16 | O146: Closed - Power | P146: 1 | Q146: 16 | R146: Inference | S146: ResNet | T146: Offline | U146: System Watts | V146: 1844.48 | X146: 225 | Y146: 75 | Z146: 2 | AA146: 16 | AB146: 450 | AC146: 1200 | AD146: 1650 | AE146: 1.1178667
A147: Table - Inference (1).csv | B147: 1.1-056 | C147: Qualcomm | D147: Available Cloud | E147: Gigabyte G292-Z43 16x QAIC100 | F147: AMD EPYC 7713 64-Core Processor | G147: 2 | H147: 2 | I147: QUALCOMM Cloud | J147: QUALCOMM Cloud AI 100 PCIe HHHL | K147: PCIe | M147: QUALCOMM Cloud AI 100 PCIe HHHL | N147: 16 | O147: Closed - Power | P147: 1 | Q147: 16 | R147: Inference | S147: ResNet | T147: Server | U147: System Watts | V147: 1790.98 | X147: 225 | Y147: 75 | Z147: 2 | AA147: 16 | AB147: 450 | AC147: 1200 | AD147: 1650 | AE147: 1.0854424
A148: Table - Inference (1).csv | B148: 1.1-056 | C148: Qualcomm | D148: Available Cloud | E148: Gigabyte G292-Z43 16x QAIC100 | F148: AMD EPYC 7713 64-Core Processor | G148: 2 | H148: 2 | I148: QUALCOMM Cloud | J148: QUALCOMM Cloud AI 100 PCIe HHHL | K148: PCIe | M148: QUALCOMM Cloud AI 100 PCIe HHHL | N148: 16 | O148: Closed - Power | P148: 1 | Q148: 16 | R148: Inference | S148: SSD-Large | T148: Offline | U148: System Watts | V148: 1927.84 | X148: 225 | Y148: 75 | Z148: 2 | AA148: 16 | AB148: 450 | AC148: 1200 | AD148: 1650 | AE148: 1.1683879
A149: Table - Inference (1).csv | B149: 1.1-056 | C149: Qualcomm | D149: Available Cloud | E149: Gigabyte G292-Z43 16x QAIC100 | F149: AMD EPYC 7713 64-Core Processor | G149: 2 | H149: 2 | I149: QUALCOMM Cloud | J149: QUALCOMM Cloud AI 100 PCIe HHHL | K149: PCIe | M149: QUALCOMM Cloud AI 100 PCIe HHHL | N149: 16 | O149: Closed - Power | P149: 1 | Q149: 16 | R149: Inference | S149: SSD-Large | T149: Server | U149: System Watts | V149: 1917.73 | X149: 225 | Y149: 75 | Z149: 2 | AA149: 16 | AB149: 450 | AC149: 1200 | AD149: 1650 | AE149: 1.1622606
A150: Table - Inference (1).csv | B150: 1.1-057 | C150: Qualcomm | D150: Available Cloud | E150: Gigabyte G292-Z43 16x QAIC100 | F150: AMD EPYC 7713 64-Core Processor | G150: 2 | H150: 2 | I150: QUALCOMM Cloud | J150: QUALCOMM Cloud AI 100 PCIe HHHL | K150: PCIe | M150: QUALCOMM Cloud AI 100 PCIe HHHL | N150: 16 | O150: Closed - Power | P150: 1 | Q150: 16 | R150: Inference | S150: BERT-99.0 | T150: Offline | U150: System Watts | V150: 1712.09 | X150: 225 | Y150: 75 | Z150: 2 | AA150: 16 | AB150: 450 | AC150: 1200 | AD150: 1650 | AE150: 1.0376303
A151: Table - Inference (1).csv | B151: 1.1-057 | C151: Qualcomm | D151: Available Cloud | E151: Gigabyte G292-Z43 16x QAIC100 | F151: AMD EPYC 7713 64-Core Processor | G151: 2 | H151: 2 | I151: QUALCOMM Cloud | J151: QUALCOMM Cloud AI 100 PCIe HHHL | K151: PCIe | M151: QUALCOMM Cloud AI 100 PCIe HHHL | N151: 16 | O151: Closed - Power | P151: 1 | Q151: 16 | R151: Inference | S151: BERT-99.0 | T151: Server | U151: System Watts | V151: 1732.29 | X151: 225 | Y151: 75 | Z151: 2 | AA151: 16 | AB151: 450 | AC151: 1200 | AD151: 1650 | AE151: 1.0498727
A152: Table - Inference (1).csv | B152: 1.1-057 | C152: Qualcomm | D152: Available Cloud | E152: Gigabyte G292-Z43 16x QAIC100 | F152: AMD EPYC 7713 64-Core Processor | G152: 2 | H152: 2 | I152: QUALCOMM Cloud | J152: QUALCOMM Cloud AI 100 PCIe HHHL | K152: PCIe | M152: QUALCOMM Cloud AI 100 PCIe HHHL | N152: 16 | O152: Closed - Power | P152: 1 | Q152: 16 | R152: Inference | S152: BERT-99.9 | T152: Offline | U152: System Watts | V152: 1881.14 | X152: 225 | Y152: 75 | Z152: 2 | AA152: 16 | AB152: 450 | AC152: 1200 | AD152: 1650 | AE152: 1.1400848
A153: Table - Inference (1).csv | B153: 1.1-057 | C153: Qualcomm | D153: Available Cloud | E153: Gigabyte G292-Z43 16x QAIC100 | F153: AMD EPYC 7713 64-Core Processor | G153: 2 | H153: 2 | I153: QUALCOMM Cloud | J153: QUALCOMM Cloud AI 100 PCIe HHHL | K153: PCIe | M153: QUALCOMM Cloud AI 100 PCIe HHHL | N153: 16 | O153: Closed - Power | P153: 1 | Q153: 16 | R153: Inference | S153: BERT-99.9 | T153: Server | U153: System Watts | V153: 1819.17 | X153: 225 | Y153: 75 | Z153: 2 | AA153: 16 | AB153: 450 | AC153: 1200 | AD153: 1650 | AE153: 1.1025273
A154: Table - Inference (1).csv | B154: 1.1-058 | C154: Qualcomm | D154: Available Cloud | E154: Gigabyte R282-Z93 8x QAIC100 | F154: AMD EPYC 7282 16-Core Processor | G154: 2 | H154: 2 | I154: QUALCOMM Cloud | J154: QUALCOMM Cloud AI 100 PCIe HHHL | K154: PCIe | M154: QUALCOMM Cloud AI 100 PCIe HHHL | N154: 8 | O154: Closed - Power | P154: 1 | Q154: 8 | R154: Inference | S154: ResNet | T154: Offline | U154: System Watts | V154: 857.29 | X154: 120 | Y154: 75 | Z154: 2 | AA154: 8 | AB154: 240 | AC154: 600 | AD154: 840 | AE154: 1.0205833
A155: Table - Inference (1).csv | B155: 1.1-058 | C155: Qualcomm | D155: Available Cloud | E155: Gigabyte R282-Z93 8x QAIC100 | F155: AMD EPYC 7282 16-Core Processor | G155: 2 | H155: 2 | I155: QUALCOMM Cloud | J155: QUALCOMM Cloud AI 100 PCIe HHHL | K155: PCIe | M155: QUALCOMM Cloud AI 100 PCIe HHHL | N155: 8 | O155: Closed - Power | P155: 1 | Q155: 8 | R155: Inference | S155: ResNet | T155: Server | U155: System Watts | V155: 812.05 | X155: 120 | Y155: 75 | Z155: 2 | AA155: 8 | AB155: 240 | AC155: 600 | AD155: 840 | AE155: 0.96672619
A156: Table - Inference (1).csv | B156: 1.1-058 | C156: Qualcomm | D156: Available Cloud | E156: Gigabyte R282-Z93 8x QAIC100 | F156: AMD EPYC 7282 16-Core Processor | G156: 2 | H156: 2 | I156: QUALCOMM Cloud | J156: QUALCOMM Cloud AI 100 PCIe HHHL | K156: PCIe | M156: QUALCOMM Cloud AI 100 PCIe HHHL | N156: 8 | O156: Closed - Power | P156: 1 | Q156: 8 | R156: Inference | S156: SSD-Large | T156: Offline | U156: System Watts | V156: 862.79 | X156: 120 | Y156: 75 | Z156: 2 | AA156: 8 | AB156: 240 | AC156: 600 | AD156: 840 | AE156: 1.027131
A157: Table - Inference (1).csv | B157: 1.1-058 | C157: Qualcomm | D157: Available Cloud | E157: Gigabyte R282-Z93 8x QAIC100 | F157: AMD EPYC 7282 16-Core Processor | G157: 2 | H157: 2 | I157: QUALCOMM Cloud | J157: QUALCOMM Cloud AI 100 PCIe HHHL | K157: PCIe | M157: QUALCOMM Cloud AI 100 PCIe HHHL | N157: 8 | O157: Closed - Power | P157: 1 | Q157: 8 | R157: Inference | S157: SSD-Large | T157: Server | U157: System Watts | V157: 840.13 | X157: 120 | Y157: 75 | Z157: 2 | AA157: 8 | AB157: 240 | AC157: 600 | AD157: 840 | AE157: 1.0001548
... A161: Table - Inference (1).csv | B161: 1.1-059 | C161: Qualcomm | D161: Available Cloud | E161: Gigabyte R282-Z93 8x QAIC100 | F161: AMD EPYC 7282 16-Core Processor | G161: 2 | H161: 2 | I161: QUALCOMM Cloud | J161: QUALCOMM Cloud AI 100 PCIe HHHL | K161: PCIe | M161: QUALCOMM Cloud AI 100 PCIe HHHL | N161: 8 | O161: Closed - Power | P161: 1 | Q161: 8 | R161: Inference | S161: BERT-99.9 | T161: Server | U161: System Watts | V161: 763.92 | X161: 120 | Y161: 75 | Z161: 2 | AA161: 8 | AB161: 240 | AC161: 600 | AD161: 840 | AE161: 0.90942857
A162: Table - Inference (2).csv | B162: 2.0-020 | C162: Dell | D162: Available Cloud | E162: Dell PowerEdge XE8545 (4x A100-SXM-80GB; MaxQ; TensorRT) | F162: AMD EPYC 7763 | G162: 2 | H162: 2 | I162: NVIDIA A100 | J162: NVIDIA A100-SXM-80GB | K162: SXM | L162: 80GB | M162: NVIDIA A100-SXM-80GB | N162: 4 | O162: Closed - Power | P162: 1 | Q162: 4 | R162: Inference | S162: ResNet | T162: Offline | U162: System Watts | V162: 1385.61 | W162: 80 | X162: 280 | Y162: 400 | Z162: 2 | AA162: 4 | AB162: 560 | AC162: 1600 | AD162: 2160 | AE162: 0.64148611
A163: Table - Inference (2).csv | B163: 2.0-020 | C163: Dell | D163: Available Cloud | E163: Dell PowerEdge XE8545 (4x A100-SXM-80GB; MaxQ; TensorRT) | F163: AMD EPYC 7763 | G163: 2 | H163: 2 | I163: NVIDIA A100 | J163: NVIDIA A100-SXM-80GB | K163: SXM | L163: 80GB | M163: NVIDIA A100-SXM-80GB | N163: 4 | O163: Closed - Power | P163: 1 | Q163: 4 | R163: Inference | S163: ResNet | T163: Server | U163: System Watts | V163: 1413.78 | W163: 80 | X163: 280 | Y163: 400 | Z163: 2 | AA163: 4 | AB163: 560 | AC163: 1600 | AD163: 2160 | AE163: 0.65452778
A164: Table - Inference (2).csv | B164: 2.0-022 | C164: Dell | D164: Available Cloud | E164: Dell PowerEdge XR12 (1x A2; MaxQ; TensorRT) | F164: Intel(R) Xeon(R) Gold 6312U CPU @ 2.40GHz | G164: 1 | H164: 1 | I164: NVIDIA A2 | J164: NVIDIA A2 | M164: NVIDIA A2 | N164: 1 | O164: Closed - Power | P164: 1 | Q164: 1 | R164: Inference | S164: BERT-99.0 | T164: Offline | U164: System Watts | V164: 302.86 | X164: 185 | Y164: 60 | Z164: 1 | AA164: 1 | AB164: 185 | AC164: 60 | AD164: 245 | AE164: 1.2361633
A165: Table - Inference (2).csv | B165: 2.0-022 | C165: Dell | D165: Available Cloud | E165: Dell PowerEdge XR12 (1x A2; MaxQ; TensorRT) | F165: Intel(R) Xeon(R) Gold 6312U CPU @ 2.40GHz | G165: 1 | H165: 1 | I165: NVIDIA A2 | J165: NVIDIA A2 | M165: NVIDIA A2 | N165: 1 | O165: Closed - Power | P165: 1 | Q165: 1 | R165: Inference | S165: BERT-99.0 | T165: Server | U165: System Watts | V165: 279.35 | X165: 185 | Y165: 60 | Z165: 1 | AA165: 1 | AB165: 185 | AC165: 60 | AD165: 245 | AE165: 1.1402041
A166: Table - Inference (2).csv | B166: 2.0-022 | C166: Dell | D166: Available Cloud | E166: Dell PowerEdge XR12 (1x A2; MaxQ; TensorRT) | F166: Intel(R) Xeon(R) Gold 6312U CPU @ 2.40GHz | G166: 1 | H166: 1 | I166: NVIDIA A2 | J166: NVIDIA A2 | M166: NVIDIA A2 | N166: 1 | O166: Closed - Power | P166: 1 | Q166: 1 | R166: Inference | S166: BERT-99.9 | T166: Offline | U166: System Watts | V166: 293.02 | X166: 185 | Y166: 60 | Z166: 1 | AA166: 1 | AB166: 185 | AC166: 60 | AD166: 245 | AE166: 1.196
A167: Table - Inference (2).csv | B167: 2.0-022 | C167: Dell | D167: Available Cloud | E167: Dell PowerEdge XR12 (1x A2; MaxQ; TensorRT) | F167: Intel(R) Xeon(R) Gold 6312U CPU @ 2.40GHz | G167: 1 | H167: 1 | I167: NVIDIA A2 | J167: NVIDIA A2 | M167: NVIDIA A2 | N167: 1 | O167: Closed - Power | P167: 1 | Q167: 1 | R167: Inference | S167: BERT-99.9 | T167: Server | U167: System Watts | V167: 222.3 | X167: 185 | Y167: 60 | Z167: 1 | AA167: 1 | AB167: 185 | AC167: 60 | AD167: 245 | AE167: 0.90734694
A168: Table - Inference (2).csv | B168: 2.0-022 | C168: Dell | D168: Available Cloud | E168: Dell PowerEdge XR12 (1x A2; MaxQ; TensorRT) | F168: Intel(R) Xeon(R) Gold 6312U CPU @ 2.40GHz | G168: 1 | H168: 1 | I168: NVIDIA A2 | J168: NVIDIA A2 | M168: NVIDIA A2 | N168: 1 | O168: Closed - Power | P168: 1 | Q168: 1 | R168: Inference | S168: DLRM-99.0 | T168: Offline | U168: System Watts | V168: 293.3 | X168: 185 | Y168: 60 | Z168: 1 | AA168: 1 | AB168: 185 | AC168: 60 | AD168: 245 | AE168: 1.1971429
A169: Table - Inference (2).csv | B169: 2.0-022 | C169: Dell | D169: Available Cloud | E169: Dell PowerEdge XR12 (1x A2; MaxQ; TensorRT) | F169: Intel(R) Xeon(R) Gold 6312U CPU @ 2.40GHz | G169: 1 | H169: 1 | I169: NVIDIA A2 | J169: NVIDIA A2 | M169: NVIDIA A2 | N169: 1 | O169: Closed - Power | P169: 1 | Q169: 1 | R169: Inference | S169: DLRM-99.0 | T169: Server | U169: System Watts | V169: 219.9 | X169: 185 | Y169: 60 | Z169: 1 | AA169: 1 | AB169: 185 | AC169: 60 | AD169: 245 | AE169: 0.89755102
A170: Table - Inference (2).csv | B170: 2.0-022 | C170: Dell | D170: Available Cloud | E170: Dell PowerEdge XR12 (1x A2; MaxQ; TensorRT) | F170: Intel(R) Xeon(R) Gold 6312U CPU @ 2.40GHz | G170: 1 | H170: 1 | I170: NVIDIA A2 | J170: NVIDIA A2 | M170: NVIDIA A2 | N170: 1 | O170: Closed - Power | P170: 1 | Q170: 1 | R170: Inference | S170: DLRM-99.9 | T170: Offline | U170: System Watts | V170: 293.3 | X170: 185 | Y170: 60 | Z170: 1 | AA170: 1 | AB170: 185 | AC170: 60 | AD170: 245 | AE170: 1.1971429
A171: Table - Inference (2).csv | B171: 2.0-022 | C171: Dell | D171: Available Cloud | E171: Dell PowerEdge XR12 (1x A2; MaxQ; TensorRT) | F171: Intel(R) Xeon(R) Gold 6312U CPU @ 2.40GHz | G171: 1 | H171: 1 | I171: NVIDIA A2 | J171: NVIDIA A2 | M171: NVIDIA A2 | N171: 1 | O171: Closed - Power | P171: 1 | Q171: 1 | R171: Inference | S171: DLRM-99.9 | T171: Server | U171: System Watts | V171: 219.9 | X171: 185 | Y171: 60 | Z171: 1 | AA171: 1 | AB171: 185 | AC171: 60 | AD171: 245 | AE171: 0.89755102
A172: Table - Inference (2).csv | B172: 2.0-022 | C172: Dell | D172: Available Cloud | E172: Dell PowerEdge XR12 (1x A2; MaxQ; TensorRT) | F172: Intel(R) Xeon(R) Gold 6312U CPU @ 2.40GHz | G172: 1 | H172: 1 | I172: NVIDIA A2 | J172: NVIDIA A2 | M172: NVIDIA A2 | N172: 1 | O172: Closed - Power | P172: 1 | Q172: 1 | R172: Inference | S172: RNN-T | T172: Offline | U172: System Watts | V172: 306.5 | X172: 185 | Y172: 60 | Z172: 1 | AA172: 1 | AB172: 185 | AC172: 60 | AD172: 245 | AE172: 1.2510204
A173: Table - Inference (2).csv | B173: 2.0-022 | C173: Dell | D173: Available Cloud | E173: Dell PowerEdge XR12 (1x A2; MaxQ; TensorRT) | F173: Intel(R) Xeon(R) Gold 6312U CPU @ 2.40GHz | G173: 1 | H173: 1 | I173: NVIDIA A2 | J173: NVIDIA A2 | M173: NVIDIA A2 | N173: 1 | O173: Closed - Power | P173: 1 | Q173: 1 | R173: Inference | S173: RNN-T | T173: Server | U173: System Watts | V173: 305.54 | X173: 185 | Y173: 60 | Z173: 1 | AA173: 1 | AB173: 185 | AC173: 60 | AD173: 245 | AE173: 1.247102
A174: Table - Inference (2).csv | B174: 2.0-022 | C174: Dell | D174: Available Cloud | E174: Dell PowerEdge XR12 (1x A2; MaxQ; TensorRT) | F174: Intel(R) Xeon(R) Gold 6312U CPU @ 2.40GHz | G174: 1 | H174: 1 | I174: NVIDIA A2 | J174: NVIDIA A2 | M174: NVIDIA A2 | N174: 1 | O174: Closed - Power | P174: 1 | Q174: 1 | R174: Inference | S174: ResNet | T174: Offline | U174: System Watts | V174: 281.15 | X174: 185 | Y174: 60 | Z174: 1 | AA174: 1 | AB174: 185 | AC174: 60 | AD174: 245 | AE174: 1.147551
A175: Table - Inference (2).csv | B175: 2.0-022 | C175: Dell | D175: Available Cloud | E175: Dell PowerEdge XR12 (1x A2; MaxQ; TensorRT) | F175: Intel(R) Xeon(R) Gold 6312U CPU @ 2.40GHz | G175: 1 | H175: 1 | I175: NVIDIA A2 | J175: NVIDIA A2 | M175: NVIDIA A2 | N175: 1 | O175: Closed - Power | P175: 1 | Q175: 1 | R175: Inference | S175: ResNet | T175: Server | U175: System Watts | V175: 230.23 | X175: 185 | Y175: 60 | Z175: 1 | AA175: 1 | AB175: 185 | AC175: 60 | AD175: 245 | AE175: 0.93971429
A176: Table - Inference (2).csv | B176: 2.0-032 | C176: Fujitsu | D176: Available Cloud | E176: PRIMERGY GX2570M6 (8x A100-SXM-40GB; MaxQ; TensorRT) | F176: Intel(R) Xeon(R) Platinum 8352V CPU @ 2.10GHz | G176: 2 | H176: 2 | I176: NVIDIA A100 | J176: NVIDIA A100-SXM4-40GB | K176: SXM | L176: 40GB | M176: NVIDIA A100-SXM4-40GB | N176: 8 | O176: Closed - Power | P176: 1 | Q176: 8 | R176: Inference | S176: 3D U-Net-99.0 | T176: Offline | U176: System Watts | V176: 3378.85 | W176: 40 | X176: 195 | Y176: 400 | Z176: 2 | AA176: 8 | AB176: 390 | AC176: 3200 | AD176: 3590 | AE176: 0.94118384
A177: Table - Inference (2).csv | B177: 2.0-032 | C177: Fujitsu | D177: Available Cloud | E177: PRIMERGY GX2570M6 (8x A100-SXM-40GB; MaxQ; TensorRT) | F177: Intel(R) Xeon(R) Platinum 8352V CPU @ 2.10GHz | G177: 2 | H177: 2 | I177: NVIDIA A100 | J177: NVIDIA A100-SXM4-40GB | K177: SXM | L177: 40GB | M177: NVIDIA A100-SXM4-40GB | N177: 8 | O177: Closed - Power | P177: 1 | Q177: 8 | R177: Inference | S177: 3D U-Net-99.9 | T177: Offline | U177: System Watts | V177: 3378.85 | W177: 40 | X177: 195 | Y177: 400 | Z177: 2 | AA177: 8 | AB177: 390 | AC177: 3200 | AD177: 3590 | AE177: 0.94118384
A178: Table - Inference (2).csv | B178: 2.0-032 | C178: Fujitsu | D178: Available Cloud | E178: PRIMERGY GX2570M6 (8x A100-SXM-40GB; MaxQ; TensorRT) | F178: Intel(R) Xeon(R) Platinum 8352V CPU @ 2.10GHz | G178: 2 | H178: 2 | I178: NVIDIA A100 | J178: NVIDIA A100-SXM4-40GB | K178: SXM | L178: 40GB | M178: NVIDIA A100-SXM4-40GB | N178: 8 | O178: Closed - Power | P178: 1 | Q178: 8 | R178: Inference | S178: BERT-99.0 | T178: Offline | U178: System Watts | V178: 3419.12 | W178: 40 | X178: 195 | Y178: 400 | Z178: 2 | AA178: 8 | AB178: 390 | AC178: 3200 | AD178: 3590 | AE178: 0.95240111
A179: Table - Inference (2).csv | B179: 2.0-032 | C179: Fujitsu | D179: Available Cloud | E179: PRIMERGY GX2570M6 (8x A100-SXM-40GB; MaxQ; TensorRT) | F179: Intel(R) Xeon(R) Platinum 8352V CPU @ 2.10GHz | G179: 2 | H179: 2 | I179: NVIDIA A100 | J179: NVIDIA A100-SXM4-40GB | K179: SXM | L179: 40GB | M179: NVIDIA A100-SXM4-40GB | N179: 8 | O179: Closed - Power | P179: 1 | Q179: 8 | R179: Inference | S179: BERT-99.0 | T179: Server | U179: System Watts | V179: 3373.14 | W179: 40 | X179: 195 | Y179: 400 | Z179: 2 | AA179: 8 | AB179: 390 | AC179: 3200 | AD179: 3590 | AE179: 0.93959331
A180: Table - Inference (2).csv | B180: 2.0-032 | C180: Fujitsu | D180: Available Cloud | E180: PRIMERGY GX2570M6 (8x A100-SXM-40GB; MaxQ; TensorRT) | F180: Intel(R) Xeon(R) Platinum 8352V CPU @ 2.10GHz | G180: 2 | H180: 2 | I180: NVIDIA A100 | J180: NVIDIA A100-SXM4-40GB | K180: SXM | L180: 40GB | M180: NVIDIA A100-SXM4-40GB | N180: 8 | O180: Closed - Power | P180: 1 | Q180: 8 | R180: Inference | S180: BERT-99.9 | T180: Offline | U180: System Watts | V180: 3431.66 | W180: 40 | X180: 195 | Y180: 400 | Z180: 2 | AA180: 8 | AB180: 390 | AC180: 3200 | AD180: 3590 | AE180: 0.95589415
A181: Table - Inference (2).csv | B181: 2.0-032 | C181: Fujitsu | D181: Available Cloud | E181: PRIMERGY GX2570M6 (8x A100-SXM-40GB; MaxQ; TensorRT) | F181: Intel(R) Xeon(R) Platinum 8352V CPU @ 2.10GHz | G181: 2 | H181: 2 | I181: NVIDIA A100 | J181: NVIDIA A100-SXM4-40GB | K181: SXM | L181: 40GB | M181: NVIDIA A100-SXM4-40GB | N181: 8 | O181: Closed - Power | P181: 1 | Q181: 8 | R181: Inference | S181: BERT-99.9 | T181: Server | U181: System Watts | V181: 3409.41 | W181: 40 | X181: 195 | Y181: 400 | Z181: 2 | AA181: 8 | AB181: 390 | AC181: 3200 | AD181: 3590 | AE181: 0.94969638
A182: Table - Inference (2).csv | B182: 2.0-032 | C182: Fujitsu | D182: Available Cloud | E182: PRIMERGY GX2570M6 (8x A100-SXM-40GB; MaxQ; TensorRT) | F182: Intel(R) Xeon(R) Platinum 8352V CPU @ 2.10GHz | G182: 2 | H182: 2 | I182: NVIDIA A100 | J182: NVIDIA A100-SXM4-40GB | K182: SXM | L182: 40GB | M182: NVIDIA A100-SXM4-40GB | N182: 8 | O182: Closed - Power | P182: 1 | Q182: 8 | R182: Inference | S182: DLRM-99.0 | T182: Offline | U182: System Watts | V182: 3266.61 | W182: 40 | X182: 195 | Y182: 400 | Z182: 2 | AA182: 8 | AB182: 390 | AC182: 3200 | AD182: 3590 | AE182: 0.90991922
...

Sheet Sheet1
F2: =SUM(F4:F20) -> 442 | J2: P10 | K2: =PERCENTILE(mlperf_with_tdp!$AE$2:$AE$443,0.1) -> 0.65248772
J3: P50 | K3: =PERCENTILE(mlperf_with_tdp!$AE$2:$AE$443,0.5) -> 0.86797738
E4: 0.1 | F4: =COUNTIFS(mlperf_with_tdp!$AE$2:$AE$443,">="&E4,mlperf_with_tdp!$AE$2:$AE$443,"<"&E5) -> 0 | G4: =F4/$F$2 -> 0 | J4: P90 | K4: =PERCENTILE(mlperf_with_tdp!$AE$2:$AE$443,0.9) -> 1.0831429
E5: =E4+0.1 -> 0.2 | F5: =COUNTIFS(mlperf_with_tdp!$AE$2:$AE$443,">="&E5,mlperf_with_tdp!$AE$2:$AE$443,"<"&E6) -> 0 | G5: =F5/$F$2 -> 0 | J5: P95 | K5: =PERCENTILE(mlperf_with_tdp!$AE$2:$AE$443,0.95) -> 1.2356989
E6: =E5+0.1 -> 0.3 | F6: =COUNTIFS(mlperf_with_tdp!$AE$2:$AE$443,">="&E6,mlperf_with_tdp!$AE$2:$AE$443,"<"&E7) -> 10 | G6: =F6/$F$2 -> 0.022624434
E7: =E6+0.1 -> 0.4 | F7: =COUNTIFS(mlperf_with_tdp!$AE$2:$AE$443,">="&E7,mlperf_with_tdp!$AE$2:$AE$443,"<"&E8) -> 1 | G7: =F7/$F$2 -> 0.0022624434
E8: =E7+0.1 -> 0.5 | F8: =COUNTIFS(mlperf_with_tdp!$AE$2:$AE$443,">="&E8,mlperf_with_tdp!$AE$2:$AE$443,"<"&E9) -> 9 | G8: =F8/$F$2 -> 0.020361991
E9: =E8+0.1 -> 0.6 | F9: =COUNTIFS(mlperf_with_tdp!$AE$2:$AE$443,">="&E9,mlperf_with_tdp!$AE$2:$AE$443,"<"&E10) -> 68 | G9: =F9/$F$2 -> 0.15384615
E10: =E9+0.1 -> 0.7 | F10: =COUNTIFS(mlperf_with_tdp!$AE$2:$AE$443,">="&E10,mlperf_with_tdp!$AE$2:$AE$443,"<"&E11) -> 75 | G10: =F10/$F$2 -> 0.16968326
E11: =E10+0.1 -> 0.8 | F11: =COUNTIFS(mlperf_with_tdp!$AE$2:$AE$443,">="&E11,mlperf_with_tdp!$AE$2:$AE$443,"<"&E12) -> 91 | G11: =F11/$F$2 -> 0.20588235
E12: =E11+0.1 -> 0.9 | F12: =COUNTIFS(mlperf_with_tdp!$AE$2:$AE$443,">="&E12,mlperf_with_tdp!$AE$2:$AE$443,"<"&E13) -> 130 | G12: =F12/$F$2 -> 0.29411765
E13: =E12+0.1 -> 1 | F13: =COUNTIFS(mlperf_with_tdp!$AE$2:$AE$443,">="&E13,mlperf_with_tdp!$AE$2:$AE$443,"<"&E14) -> 16 | G13: =F13/$F$2 -> 0.036199095
E14: =E13+0.1 -> 1.1 | F14: =COUNTIFS(mlperf_with_tdp!$AE$2:$AE$443,">="&E14,mlperf_with_tdp!$AE$2:$AE$443,"<"&E15) -> 17 | G14: =F14/$F$2 -> 0.038461538
E15: =E14+0.1 -> 1.2 | F15: =COUNTIFS(mlperf_with_tdp!$AE$2:$AE$443,">="&E15,mlperf_with_tdp!$AE$2:$AE$443,"<"&E16) -> 7 | G15: =F15/$F$2 -> 0.015837104
E16: =E15+0.1 -> 1.3 | F16: =COUNTIFS(mlperf_with_tdp!$AE$2:$AE$443,">="&E16,mlperf_with_tdp!$AE$2:$AE$443,"<"&E17) -> 5 | G16: =F16/$F$2 -> 0.011312217
E17: =E16+0.1 -> 1.4 | F17: =COUNTIFS(mlperf_with_tdp!$AE$2:$AE$443,">="&E17,mlperf_with_tdp!$AE$2:$AE$443,"<"&E18) -> 12 | G17: =F17/$F$2 -> 0.027149321
... E19: =E18+0.1 -> 1.6 | F19: =COUNTIFS(mlperf_with_tdp!$AE$2:$AE$443,">="&E19,mlperf_with_tdp!$AE$2:$AE$443,"<"&E20) -> 0 | G19: =F19/$F$2 -> 0
E20: 1.7 | F20: =COUNTIFS(mlperf_with_tdp!$AE$2:$AE$443,">="&E20,mlperf_with_tdp!$AE$2:$AE$443,"<"&E21) -> 0 | G20: =F20/$F$2 -> 0
